﻿{"cameraMode":{"drawMode":0,"name":"Shaded","section":"Shading Mode"},"sceneLighting":true,"audioPlay":false,"sceneViewState":{"showFog":true,"showMaterialUpdate":false,"showSkybox":true,"showFlares":true,"showImageEffects":true,"showParticleSystems":true},"in2DMode":false,"pivot":{"x":1.0809191465377808,"y":-0.43708452582359316,"z":-0.4087774455547333},"rotation":{"x":-0.3723164498806,"y":-0.10904937982559204,"z":0.04410145804286003,"w":-0.9206217527389526},"size":26.238935470581056,"orthographic":false}